A_wt,V_wt,L_wt,f1_score
0.3,0.3,0.3,0.25
0.6,0.3,0.1,0.461538461538
0.3,0.6,0.1,0.434782608696
0.4,0.4,0.2,0.181818181818
0.5,0.4,0.1,0.2
0.4,0.5,0.1,0.375
0.25,0.25,0.5,0.444444444444
0.2,0.7,0.1,0.166666666667
