A_wt,V_wt,L_wt,f1_score
0.3,0.3,0.3,0.5
0.6,0.3,0.1,0.533333333333
0.3,0.6,0.1,0.461538461538
0.4,0.4,0.2,0.5
0.5,0.4,0.1,0.4
0.4,0.5,0.1,0.363636363636
0.25,0.25,0.5,0.4
