A_wt,V_wt,L_wt,f1_score
0.3,0.3,0.3,0.6666666667
0.4,0.4,0.2,0.6666666667
0.3,0.6,0.1,0.6153846154
0.5,0.4,0.1,0.6
0.4,0.5,0.1,0.5454545455
0.25,0.25,0.5,0.5454545455
0.6,0.3,0.1,0.5333333333
