A_wt,V_wt,L_wt,f1_score
0.3,0.3,0.3,0.4
0.6,0.3,0.1,0.533333333333
0.3,0.6,0.1,0.307692307692
0.4,0.4,0.2,0.545454545455
0.5,0.4,0.1,0.6
0.4,0.5,0.1,0.222222222222
0.25,0.25,0.5,0.4
