A_wt,V_wt,L_wt,f1_score
0.3,0.3,0.3,0.533333333333
0.6,0.3,0.1,0.48
0.3,0.6,0.1,0.4
0.4,0.4,0.2,0.533333333333
