Feature,P-value,F-value
frame,0.00011265244498813388,14.968558941249311
timestamp,0.00011265253774454502,14.968557376444577
confidence,0.00012236848411806099,14.811384037887594
success,0.5613833702618638,0.3374221841687991
Tx,2.2989030534536115e-05,18.005201133403126
Ty,0.46471752498324315,0.53470404962674745
Tz,7.8807203356134949e-07,24.534950345086521
Rx,1.5128378926228774e-08,32.290341319103604
Ry,5.6908910742692115e-08,29.680918145143902
Rz,0.21512012022974225,1.5375593775461684
