Feature,P-value,F-value
formant1,0.00023324734510385688,13.589340191785451
formant2,0.0042695588571809284,8.1833262663141753
formant3,0.63019855559227655,0.23185965667554728
formant4,0.16535280988834605,1.9259205976008638
formant5,0.027643788792349321,4.8569153011167314
